City,State,Category,SEO Keyword Idea
San Francisco,California,Top Tech Hub,Web Developer in San Francisco
San Jose,California,Top Tech Hub,App Development Agency San Jose
New York City,New York,Top Tech Hub,NYC Freelance Web Developer
Austin,Texas,Top Tech Hub,Austin Tech Startup Developer
Seattle,Washington,Top Tech Hub,Seattle Software Developer
Boston,Massachusetts,Top Tech Hub,Web Design Services Boston
Los Angeles,California,Top Tech Hub,LA Custom App Developer
Denver,Colorado,Emerging Tech City,Denver Web Development Services
Miami,Florida,Emerging Tech City,Miami Web3 & App Developer
Atlanta,Georgia,Emerging Tech City,Atlanta Business Website Design
Salt Lake City,Utah,Emerging Tech City,Salt Lake City React Developer
Raleigh,North Carolina,Emerging Tech City,Raleigh Software Solutions
Portland,Oregon,Emerging Tech City,Portland Ecommerce Developer
Chicago,Illinois,Major Business Hub,Corporate Web Design Chicago
Dallas,Texas,Major Business Hub,Dallas App Development Services
Houston,Texas,Major Business Hub,Houston Small Business SEO
Phoenix,Arizona,Major Business Hub,Phoenix Web Developer
Philadelphia,Pennsylvania,Major Business Hub,Philadelphia Tech Consultant
San Diego,California,Major Business Hub,San Diego Frontend Developer
